Time (s),ECG (mV)
0.0,-0.096981224151225
0.004,-0.06302088960233804
0.008,0.36498906871694003
0.012,0.8681800046872563
0.016,-0.09762777362145936
0.02,0.16110396230865215
0.024,0.7629841173598537
0.028,1.0106280048056901
0.032,0.25454948727366355
0.036000000000000004,0.7101664165408014
0.04,0.809838478182336
0.044,0.7712854624240335
0.048,0.6071344984573929
0.052000000000000005,0.5685998246898507
0.056,0.8432273535180479
0.06,1.1449189239472344
0.064,0.9120943441244631
0.068,1.067558124021211
0.07200000000000001,1.2730788105186597
0.076,1.2144280458053516
0.08,1.2065519826361193
0.084,1.5538621586873678
0.088,0.9441305232133314
0.092,0.4726183396831731
0.096,0.8442123044199692
0.1,1.134254254681236
0.10400000000000001,1.4237462900423754
0.108,0.26350996275133987
0.112,0.9368099959974812
0.116,1.700146146630226
0.12,1.4184250437481618
0.124,0.8376435324215705
0.128,0.5476496243911733
0.132,0.7856150073449775
0.136,0.8481940208761071
0.14,1.5186733360462799
0.14400000000000002,0.6646106806389559
0.148,0.8868949044086323
0.152,0.5504828298515301
0.156,0.8164142049828697
0.16,0.8481598080904509
0.164,0.4818470909664191
0.168,1.1463373369306937
0.17200000000000001,0.44050608412359293
0.176,0.7017164171391896
0.18,0.08720391132703054
0.184,0.25261722995902425
0.188,0.6299441845530418
0.192,0.8307247826856021
0.196,0.4056624291018848
0.2,0.5732919127306934
0.20400000000000001,0.13566740993438442
0.20800000000000002,0.5314870708680999
0.212,0.8442400330858412
0.216,1.04893243303515
0.22,0.015754158921501338
0.224,0.7935324890446791
0.228,0.48061124820921297
0.232,0.7693457291279725
0.23600000000000002,0.7115654872863887
0.24,0.8136163914749203
0.244,0.6627060933719999
0.248,0.7783519796259226
0.252,0.20270120142444703
0.256,0.7011807351006152
0.26,0.8453593193172202
0.264,0.7449786231444173
0.268,0.6198884027027729
0.272,1.2830979967608391
0.276,0.641505513928907
0.28,0.6794518708258978
0.28400000000000003,0.6154294573959003
0.28800000000000003,1.3422275574699296
0.292,0.9386938169542451
0.296,1.1741119772450177
0.3,0.8708195967479545
0.304,1.102843477376862
0.308,1.3455456289921681
0.312,0.8232001589551866
0.316,1.072040603211161
0.32,0.7340345203516129
0.324,0.8773892672975625
0.328,0.9329791895913072
0.332,0.8026489048897687
0.336,0.9925471679152713
0.34,0.643354340509493
0.34400000000000003,0.8715728744724032
0.34800000000000003,1.2716238480710267
0.352,1.0838095033092254
0.356,1.282371219225569
0.36,0.9520776198860574
0.364,0.8538267509223978
0.368,0.9774155439254977
0.372,0.47753869235091007
0.376,0.5197199289276697
0.38,0.14044930458596028
0.384,0.1917131839746708
0.388,0.8553317803846583
0.392,-0.04081079336459731
0.396,0.6418710185667991
0.4,0.5936181924114619
0.404,0.3295296692340568
0.40800000000000003,0.0159079713498968
0.41200000000000003,0.19230903665923116
0.41600000000000004,0.01488090851432104
0.42,-0.22599325433387762
0.424,-0.7131373178477327
0.428,-0.18719635084657038
0.432,-0.1564312687627807
0.436,-0.849330536647068
0.44,-0.48310721041048377
0.444,-0.6635380011386203
0.448,-1.1620419105023534
0.452,-1.1256203401715945
0.456,-0.2448281979970809
0.46,-0.6910208250580885
0.464,-0.8922819029568857
0.468,-1.2838596990124558
0.47200000000000003,-1.510300214703622
0.47600000000000003,-0.8847179486515101
0.48,-1.1984247364214586
0.484,-0.5737809700094696
0.488,-1.5533629692822122
0.492,-0.9819001260377668
0.496,-0.9162001708019577
0.5,-0.9284101453738574
0.504,-1.1326056430801588
0.508,-0.890832989268774
0.512,-1.4216507331541433
0.516,-0.8470854627053739
0.52,-0.6601766230003832
0.524,-1.4479814998354574
0.528,-1.7136311941925682
0.532,-1.1527270476827485
0.536,-1.2697730252825261
0.54,-1.1266408421760425
0.544,-1.0993288549523201
0.548,-0.917127555348332
0.552,-1.0466152694065842
0.556,-0.9197536199222127
0.56,-0.42807914074292824
0.5640000000000001,-0.8170078441968593
0.5680000000000001,-0.3004268155664123
0.5720000000000001,-0.8278923602578041
0.5760000000000001,-0.5060285594261997
0.58,-0.733555689032348
0.584,-0.48855377922744603
0.588,-0.7794902210883473
0.592,-0.9554319473910207
0.596,-0.6683579621863049
0.6,-0.006377668110977952
0.604,-0.7354447871388516
0.608,-0.852366999471073
0.612,-0.644172157291419
0.616,-0.20698595357244992
0.62,-0.13180572066606427
0.624,-0.7133719987331977
0.628,-0.7624109951506843
0.632,-0.08037219061159467
0.636,-0.90439064452565
0.64,-0.3317007864752487
0.644,-0.5099804311164293
0.648,-0.934196557770232
0.652,-0.3181983644813751
0.656,-0.37206587578070327
0.66,-0.4883951498177984
0.664,-0.08790041582885977
0.668,-0.6912791231337672
0.672,-0.5748559210760328
0.676,-0.2422290023202982
0.68,-1.1624520994105647
0.684,-0.7570042529413938
0.6880000000000001,-1.0226284684873428
0.6920000000000001,-1.0548379968940447
0.6960000000000001,-0.8248883539321895
0.7000000000000001,-0.9428634167798254
0.704,-1.2298694680679203
0.708,-0.7492331968470844
0.712,-0.5579483140789128
0.716,-1.2238515425474068
0.72,-1.1037854198984607
0.724,-1.2534919239930638
0.728,-1.2018891249829595
0.732,-0.7117922388559779
0.736,-1.5962953377060713
0.74,-1.251001891029844
0.744,-1.6891780042798987
0.748,-1.4602674761224455
0.752,-0.8358745745288838
0.756,-0.9415469907399422
0.76,-1.0029342743547458
0.764,-0.9024240077857432
0.768,-0.7232069156356455
0.772,-0.9202118905788839
0.776,-1.2567691892979864
0.78,-0.7609984112959562
0.784,-0.5987146819780427
0.788,-1.3924452307531465
0.792,-1.2218347367469389
0.796,-0.17356569458296528
0.8,-0.22305726511134094
0.804,-0.5647534177257139
0.808,-0.7900880734082254
0.812,-0.5628294839029281
0.8160000000000001,-0.413685347466606
0.8200000000000001,-0.41392785030896184
0.8240000000000001,0.03670234774990147
0.8280000000000001,0.029358302589679225
0.8320000000000001,-0.02615594170271491
0.836,-0.13502701293971792
0.84,-0.35932183513478666
0.844,0.24250655907267815
0.848,0.5147760272633827
0.852,0.25382452797604577
0.856,0.8307658339652275
0.86,0.24886771847598393
0.864,0.33804835288004575
0.868,0.2879470869046179
0.872,0.5506448627951839
0.876,0.5606737410515158
0.88,0.38588612479170226
0.884,1.1768405907527435
0.888,0.8185584541708854
0.892,1.0022797254741778
0.896,0.7291902764748032
0.9,1.4173799728372452
0.904,0.7947696260199976
0.908,0.9785630360709674
0.912,0.9912521700163401
0.916,1.2335458952200142
0.92,1.0812783668979744
0.924,0.6911663317248953
0.928,0.9862301550795435
0.932,1.2901420916967505
0.936,0.4114127167398285
0.9400000000000001,0.6126123047168188
0.9440000000000001,1.417559310779137
0.9480000000000001,1.009983292549984
0.9520000000000001,0.49734333822696775
0.9560000000000001,1.1535203774957352
0.96,0.6867889153327139
0.964,0.9462343343525872
0.968,0.7739705063337805
0.972,0.7016782174398393
0.976,1.1617006403473156
0.98,1.0287284171340618
0.984,0.7111377566013456
0.988,1.0078982484970025
0.992,0.7609882871180749
0.996,0.9018601049946207
1.0,1.1598393811898495
1.004,0.9719747011344022
1.008,1.0305489819911613
1.012,0.49035535599542923
1.016,0.34234109721912265
1.02,0.7838046141099708
1.024,0.07020832649213127
1.028,-0.26068893668502446
1.032,0.41511446452582
1.036,0.7533093839336008
1.04,0.6753757961635932
1.044,0.39813459683419944
1.048,0.34983836714180494
1.052,0.6983302210561093
1.056,0.35817013255565366
1.06,0.503755776923248
1.064,-0.004886109706042974
1.068,0.30959316631674716
1.072,-0.47827926400182275
1.076,0.24348914409719585
1.08,0.780725853407825
1.084,0.6336701078731691
1.088,0.4585336442624374
1.092,0.3012022216630992
1.096,0.6893256922738645
1.1,0.7787778409280434
1.104,0.9799147178840497
1.108,1.1903673943512691
1.112,0.637758166020238
1.116,0.7840935630598795
1.12,1.0248285117926723
1.124,1.1128433270032725
1.1280000000000001,0.7463886108798081
1.1320000000000001,1.3063492337328544
1.1360000000000001,0.651098631546138
1.1400000000000001,0.6626470840418619
1.1440000000000001,0.9602858939792275
1.1480000000000001,1.030512260190121
1.1520000000000001,1.3450108748110297
1.156,1.1429663824396632
1.16,1.1460030669987857
1.164,1.1688333174450833
1.168,1.0954731540175275
1.172,1.0132889613028981
1.176,0.5189274214823124
1.18,1.426471667895704
1.184,1.2131752497330375
1.188,0.8426353242277222
1.192,0.5986643308717363
1.196,1.0919850156625301
1.2,0.6715961292611808
1.204,0.5872659361837224
1.208,0.8106293693873444
1.212,0.4443969952136359
1.216,0.8464082449263028
1.22,0.6590010963487244
1.224,0.24155074223270956
1.228,0.5068366461471456
1.232,0.20628627557522267
1.236,0.7535059413513134
1.24,-0.49184407676717706
1.244,0.2898198747593448
1.248,0.4895726515720184
1.252,0.3017035482394946
1.256,-0.18455106875369442
1.26,-0.5958493554486872
1.264,-0.257732149348955
1.268,-0.49010425344470787
1.272,-0.20479601754651616
1.276,-0.38573104293547844
1.28,0.10816186602536493
1.284,-0.6877463897033445
1.288,-0.40352202949197263
1.292,-0.3601432547214318
1.296,-1.0715996377614734
1.3,-0.7235365447444372
1.304,-0.5333661254523583
1.308,-0.829444012012415
1.312,-1.0944056748903308
1.316,-1.0870399292953885
1.32,-1.0444790212465265
1.324,-0.4556547561794655
1.328,-1.2873545671277737
1.332,-0.6576398866501407
1.336,-1.19924849663752
1.34,-0.759910528574326
1.344,-0.7759282593018523
1.348,-1.1506574994264622
1.352,-0.6217063866469377
1.356,-0.4877247645751883
1.36,-0.6150076981105754
1.364,-1.0476863472841513
1.368,-1.1677434901192971
1.372,-1.4397985885878324
1.3760000000000001,-0.850997280593641
1.3800000000000001,-1.164649529618476
1.3840000000000001,-0.7561974372255647
1.3880000000000001,-1.0081880030828432
1.3920000000000001,-0.3307629822151057
1.3960000000000001,-0.5729467466550319
1.4000000000000001,-0.46667235568661614
1.4040000000000001,-1.0359235569540597
1.408,-1.2514200282499433
1.412,-0.663646723258157
1.416,-1.2543701028776812
1.42,-0.5918970465139617
1.424,-1.052065776070689
1.428,-0.29584806702008054
1.432,-0.7028830858129369
1.436,-0.30352299711293684
1.44,-0.6732222667625252
1.444,-0.46483657521074684
1.448,-0.6425213169579084
1.452,-0.45489518952805547
1.456,-0.43770515270720234
1.46,-0.08977904091915606
1.464,-0.42029927227384967
1.468,-0.6716272131648282
1.472,-0.6630154801849009
1.476,0.11574245219190027
1.48,-0.9032619209505353
1.484,-0.1446466949666464
1.488,-0.7998164151799658
1.492,-0.9917241559653003
1.496,-0.25831829570645853
1.5,-0.9585803478455095
1.504,-1.1983924701383386
1.508,-1.0180286802503842
1.512,-0.44786023078523385
1.516,-0.5045879231041714
1.52,-0.29689855529561926
1.524,-0.5963193977275026
1.528,-1.094183124833687
1.532,-0.9307439919715345
1.536,-1.322339104463662
1.54,-1.1125718157259143
1.544,-0.7406025150527266
1.548,-0.6865656715166903
1.552,-1.1356246337073814
1.556,-1.4209118651278727
1.56,-1.4313868099524387
1.564,-0.9279507493910235
1.568,-1.0432090834621464
1.572,-1.321736358331914
1.576,-0.9565698187292094
1.58,-0.9032022032072922
1.584,-1.0856398874292899
1.588,-1.3195477728372873
1.592,-1.6748548243315913
1.596,-1.0014310077263562
1.6,-1.1428827190349584
1.604,-0.650171570492339
1.608,-0.9063014678137272
1.612,-0.989748163606428
1.616,-1.2191376740533015
1.62,-0.9941816841060691
1.624,-0.3272880104753899
1.6280000000000001,-0.7575478255532228
1.6320000000000001,-0.6994134746927348
1.6360000000000001,-0.5144670378397492
1.6400000000000001,0.031171353771789034
1.6440000000000001,-0.5767955532500798
1.6480000000000001,-0.32456087881043066
1.6520000000000001,-0.4373804706707157
1.6560000000000001,0.13782058998553456
1.6600000000000001,0.00553766876804862
1.6640000000000001,0.14477756266149278
1.668,-0.13668720849759727
1.672,0.28839859663386463
1.676,0.3106533998909563
1.68,0.024155803808553478
1.684,0.7126191186797463
1.688,0.3846100145944539
1.692,1.019790461693106
1.696,1.069527046998729
1.7,0.5137961700267142
1.704,0.6554438772312764
1.708,0.3327052783613876
1.712,0.652426551734822
1.716,1.3675094025806558
1.72,1.3478598694857027
1.724,1.0044822414214147
1.728,1.4057285952003424
1.732,0.9924759085992683
1.736,1.0113923172220334
1.74,0.7481514973820906
1.744,0.9972141857833943
1.748,0.95844532548196
1.752,1.103539215659691
1.756,0.906568978478654
1.76,0.7947966776042283
1.764,1.1320079483206773
1.768,0.7602715381005182
1.772,1.2586026514108821
1.776,0.8920452436237013
1.78,1.0365888931988787
1.784,0.5965420772560592
1.788,1.027416412916371
1.792,0.6030623405754613
1.796,0.48419237597179676
1.8,1.5048411466422438
1.804,0.49544534690562986
1.808,1.007467968447846
1.812,0.8372687098371773
1.816,0.5033819569219016
1.82,0.7523323829915673
1.824,0.47879273220266416
1.828,0.24598095521485303
1.832,0.9219491076227954
1.836,0.7518629126747921
1.84,0.6880042160975164
1.844,0.3104541375747982
1.848,1.1581920191939026
1.852,0.6737793900158056
1.856,0.3838073716998195
1.86,0.48823991441812625
1.864,0.47820450440393203
1.868,0.48805583636539834
1.872,0.33374114036284763
1.8760000000000001,0.35735410657737277
1.8800000000000001,0.7151985211589982
1.8840000000000001,1.165535458380435
1.8880000000000001,0.7513236838209394
1.8920000000000001,0.4681965984627021
1.8960000000000001,0.3215943225574909
1.9000000000000001,0.14570970501974273
1.9040000000000001,0.5256302582740647
1.9080000000000001,-0.09894161828720272
1.9120000000000001,0.2727315045520602
1.9160000000000001,0.8130822967352855
1.92,0.7741079732781055
1.924,0.8471811113776168
1.928,0.8470352670504151
1.932,0.7824480450440335
1.936,0.6670325560481692
1.94,0.44170396841850895
1.944,0.6413612044106884
1.948,0.6792171202413996
1.952,1.206041836817088
1.956,0.4414580208587314
1.96,0.8171510833918112
1.964,0.7845945883695119
1.968,0.8187391205240961
1.972,0.9593080467640273
1.976,1.0402691364294059
1.98,0.9354538969097503
1.984,1.7733871720137584
1.988,1.1194886364512362
1.992,1.035722166817989
1.996,1.0434217573897069
2.0,1.319156326546862
2.004,1.1535518376075378
2.008,1.5589998513121275
2.012,1.264910045696821
2.016,1.0587422772472852
2.02,0.8054950391943143
2.024,1.113348752430416
2.028,0.5198110262313878
2.032,0.875247881251041
2.036,1.408277418220456
2.04,0.5443958997341073
2.044,0.5487804960567428
2.048,0.47365234098449605
2.052,1.1102101345850364
2.056,0.42222264589714154
2.06,0.6450895650246875
2.064,0.005464457061879313
2.068,-0.08649100659794201
2.072,-0.18010367029409638
2.076,0.11568545232726703
2.08,0.4643565509261993
2.084,-0.4266317702667094
2.088,-0.46748912703014806
2.092,-0.43571856108424284
2.096,-0.3936120698723631
2.1,-0.15160357390582505
2.104,-0.5384223150676097
2.108,-0.3845395911565527
2.112,-0.07251403366834697
2.116,-0.746874841628764
2.12,-0.6401966779840288
2.124,-0.5848496467566938
2.128,-0.8506510248169549
2.132,0.0029902954537517346
2.136,-1.3265090327115783
2.14,-0.6676465703619161
2.144,-1.0549240066427839
2.148,-0.8864470646333108
2.152,-1.1859881263384042
2.156,-1.2794819579705836
2.16,-0.989802819915205
2.164,-1.3587792250706725
2.168,-0.883395170468988
2.172,-1.0242477257886078
2.176,-1.0108315366689602
2.18,-0.6580829299100979
2.184,-1.0610865484637524
2.188,-1.086160165329249
2.192,-1.034373504177927
2.196,-1.1839105166031398
2.2,-1.3219655685156961
2.204,-0.9716517667057356
2.208,-0.7738106866465406
2.212,-1.2658578866731691
2.216,-0.7220047236793814
2.22,-0.5840964705613227
2.224,-0.8216601885908598
2.228,-0.7023793226693216
2.232,-0.9077017313824567
2.236,-0.8250922200883298
2.24,-1.2607304143381755
2.244,-1.1992396771282796
2.248,0.10901774272645615
2.2520000000000002,-0.7463813952764298
2.2560000000000002,-0.5192915396689661
2.2600000000000002,-0.7731228819281498
2.2640000000000002,-0.9623323125623526
2.2680000000000002,-1.0890292488204252
2.2720000000000002,0.033129627842707676
2.2760000000000002,-0.7967916061556465
2.2800000000000002,-0.9171275269686348
2.2840000000000003,-0.2793483695557357
2.2880000000000003,-0.6046916602462692
2.2920000000000003,0.018986686942147668
2.2960000000000003,-0.2505525143171367
2.3000000000000003,-0.6930018617439582
2.3040000000000003,-0.6385141954289733
2.308,-0.3149310299012884
2.312,-0.7067751108930258
2.316,-0.3901791802467287
2.32,-0.7849270156271202
2.324,-0.9278104915660725
2.328,-0.810584743174376
2.332,-0.4018365791151123
2.336,-0.47297165481479775
2.34,-0.40074858192580065
2.344,-1.0026615797189804
2.348,-0.35853521817796186
2.352,-0.7111926070587432
2.356,-1.0111666630603429
2.36,-0.6402690057112654
2.364,-0.4120068131137019
2.368,-0.6405939842546053
2.372,-1.270623387899402
2.376,-0.7232302149972504
2.38,-0.796142999927289
2.384,-0.8983100714786632
2.388,-0.8527576263172502
2.392,-1.0713753230057197
2.396,-0.974983623442637
2.4,-1.2246615648032781
2.404,-1.1570791663670057
2.408,-1.923429570404057
2.412,-1.3833692986265889
2.416,-1.1535528378200954
2.42,-1.0981109431986782
2.424,-1.31948513002219
2.428,-0.866305748789634
2.432,-0.7695105571686646
2.436,-1.1846408795603083
2.44,-1.0721079084435274
2.444,-0.9046219543526728
2.448,-0.46085652195983745
2.452,-0.9329866951128822
2.456,-0.6271254731552642
2.46,-0.2825508982046995
2.464,-0.5309718702388232
2.468,-0.2630685460371237
2.472,-0.5976395217959483
2.476,-0.1445414925387445
2.48,-0.07436340167080213
2.484,-0.525416970018741
2.488,-0.7092770113385181
2.492,-0.29648622791898555
2.496,0.3216358043025473
2.5,0.04916415421170149
2.504,0.28614349273226386
2.508,-0.0947227995423904
2.512,0.21182875321103103
2.516,0.4668943356397336
2.52,0.40239396378766445
2.524,0.6351513946111736
2.528,0.38602139218419584
2.532,0.6972691303294184
2.536,0.5518320542187672
2.54,0.3750595040259171
2.544,0.8265348141763074
2.548,0.7124385105243886
2.552,1.130360353084431
2.556,1.0719151407686438
2.56,1.166437228671639
2.564,0.3319397923018773
2.568,0.6448843145321155
2.572,1.3247990621929695
2.576,1.7633351968480706
2.58,0.8590693523424715
2.584,1.2548712512990678
2.588,1.6253768943069145
2.592,1.0283599808648656
2.596,1.6373111572784789
2.6,0.9175911298927346
2.604,1.5398613855005494
2.608,0.7104849727056697
2.612,1.0919123815441738
2.616,1.1409080614888707
2.62,0.4086352720077706
2.624,1.2991046002993234
2.628,1.2940013372094443
2.632,0.5307965086790949
2.636,1.036191268872289
2.64,1.1967705959253814
2.644,1.0444578487544889
2.648,0.9667492398107078
2.652,0.7275770111641179
2.656,1.2795854637937805
2.66,1.1914311782560678
2.664,0.8297051988608712
2.668,0.12926150957704474
2.672,0.6104719843132912
2.676,0.7055365351025262
2.68,0.8688324746107507
2.684,0.6706433627093605
2.688,0.40132743896788126
2.692,0.31784158399290613
2.696,1.0680658566438872
2.7,0.06947263593697589
2.704,0.19762813991910805
2.708,1.059870777307078
2.712,0.0012333382071276766
2.716,0.29467532485597797
2.72,0.06419400833582956
2.724,0.343604969079809
2.728,0.33363082241768804
2.732,0.5119105041004774
2.736,0.30774549839670506
2.74,0.2943000563769825
2.744,0.8010649095307744
2.748,0.27836366493255144
2.7520000000000002,0.79033456674923
2.7560000000000002,0.48566691248109517
2.7600000000000002,-0.022572864110171897
2.7640000000000002,0.3788662937128075
2.7680000000000002,0.9978598506141015
2.7720000000000002,0.7471824093967965
2.7760000000000002,1.2514742839895119
2.7800000000000002,0.7347983925273329
2.7840000000000003,1.0605676727640707
2.7880000000000003,0.5992772206877321
2.7920000000000003,0.732112965215973
2.7960000000000003,0.5257252019242173
2.8000000000000003,0.9353425447553855
2.8040000000000003,0.7838275675230799
2.8080000000000003,1.3140145877102758
2.8120000000000003,0.9763674264638146
2.816,0.46915499669816896
2.82,0.9723878809215644
2.824,1.4178295485715797
2.828,0.9978273341176404
2.832,0.4778673570921145
2.836,0.3414306044400798
2.84,0.9123729501089254
2.844,0.6461002143235401
2.848,0.7244680682041424
2.852,0.9074643610458285
2.856,1.1287574311351911
2.86,1.214672658022385
2.864,0.7840035119243464
2.868,0.7657458604405359
2.872,0.8888186742311088
2.876,0.9957282326504073
2.88,0.7820781590513703
2.884,0.16421220725330388
2.888,0.7153969052451257
2.892,0.8082204292828529
2.896,0.2312016186191893
2.9,-0.3009737900661088
2.904,0.3976258037903907
2.908,0.17925902949006964
2.912,0.24609908752241622
2.916,0.07152516450113876
2.92,-0.1821793885457802
2.924,-0.4611250857670066
2.928,-0.20297383439458525
2.932,-0.7145758983078319
2.936,-0.1688088701436265
2.94,-0.4583671966590411
2.944,-0.7677336458778087
2.948,-0.09173644015384086
2.952,-0.5387457525610155
2.956,-0.4607420780922217
2.96,-1.23550970513109
2.964,-0.9579587338049631
2.968,-0.5695374367286674
2.972,-1.3662081260984107
2.976,-0.6274384291074498
2.98,-0.8867989913948062
2.984,-0.8738755197598079
2.988,-1.3892571931531408
2.992,-0.7048071457749214
2.996,-0.6903915830302013
3.0,-1.4094188731133133
3.004,-1.0534355597180627
3.008,-1.3198166461508671
3.012,-1.1873531530822239
3.016,-1.4078695773211507
3.02,-0.7248430863972775
3.024,-1.442101367922632
3.028,-1.1202697290775085
3.032,-1.0170939873950813
3.036,-0.8119743879831323
3.04,-0.38693830724282163
3.044,-0.8999149085420421
3.048,-0.7502686566222305
3.052,-1.2888249398294518
3.056,-0.8858685967051926
3.06,-0.7603626290207114
3.064,-0.5955276617473209
3.068,-0.6166975278140987
3.072,-0.3125774629354225
3.076,-0.7920391025797923
3.08,-0.5499278155343038
3.084,-0.8405179065280421
3.088,-0.7331976744274208
3.092,-0.8103154378058547
3.096,-0.09722464822352084
3.1,-0.7010255293403392
3.104,-0.18904847749570225
3.108,-0.7199335464037109
3.112,-0.07546384730393707
3.116,-0.1809049578269406
3.12,-0.35456029262128713
3.124,-0.5479397438694797
3.128,-0.3273624936980859
3.132,-0.02020920708824453
3.136,-0.38820575745100183
3.14,-0.13105115137160744
3.144,-0.27745423314923345
3.148,-0.6959058841201052
3.152,-1.1012606644905183
3.156,-0.7662428899230007
3.16,-0.6471049694421246
3.164,-0.9738770873710194
3.168,-0.8896710652279513
3.172,-1.1674430639027493
3.176,-0.7743545600608771
3.18,-1.39067613508152
3.184,-1.3165325647282278
3.188,-0.7694508598799843
3.192,-0.8324384808757861
3.196,-0.821718617370635
3.2,-1.519574366635231
3.204,-1.143521657912438
3.208,-0.7716386469070011
3.212,-0.9398408403678034
3.216,-1.124540474294882
3.22,-1.1511738759007877
3.224,-1.336399608949189
3.228,-1.2878167486020402
3.232,-1.4641289926592576
3.236,-1.0196936130845216
3.24,-0.7990159583084019
3.244,-1.122966095001102
3.248,-1.2553962548164288
3.2520000000000002,-0.9558769727040095
3.2560000000000002,-1.1084430896590554
3.2600000000000002,-1.3111098494629378
3.2640000000000002,-1.1732979324934603
3.2680000000000002,-1.1123852141290411
3.2720000000000002,-1.1766398518590586
3.2760000000000002,-1.260460421394404
3.2800000000000002,-0.9779182177062888
3.2840000000000003,-0.32720659736978486
3.2880000000000003,-0.7960402608406124
3.2920000000000003,-1.0128224852999832
3.2960000000000003,-0.557550306045822
3.3000000000000003,-1.1828834196084892
3.3040000000000003,-0.7391880903776884
3.3080000000000003,-0.6984651001387223
3.3120000000000003,-0.3631407439282006
3.3160000000000003,-0.4217683046140637
3.3200000000000003,-0.5576862029116582
3.3240000000000003,-0.22426333706001889
3.3280000000000003,-0.2931131611299287
3.332,0.3870640536962309
3.336,-0.31232058247065236
3.34,0.35892758964538646
3.344,0.421465217097895
3.348,0.4505205077881309
3.352,-0.3496038077858482
3.356,0.39485163949302426
3.36,0.5039399317135111
3.364,0.42437267296772296
3.368,0.5838015510961708
3.372,0.7378616526330206
3.376,0.11455149192507064
3.38,0.820080110078234
3.384,1.0824646336386392
3.388,0.9286676759498548
3.392,0.848693698818485
3.396,0.6191919710197709
3.4,0.9714094005614622
3.404,1.2333527065065908
3.408,1.6334464638434334
3.412,1.0798633381628626
3.416,1.0979735223210079
3.42,1.767673868875109
3.424,1.4599679842344786
3.428,1.6440031305176488
3.432,0.9123579733346582
3.436,1.362164450422
3.44,0.6507042714477678
3.444,1.2544171099483463
3.448,0.7604107429037819
3.452,0.8066034888363608
3.456,1.3092294422910784
3.46,1.269387457889198
3.464,0.936429877745922
3.468,0.6392989409116836
3.472,0.6101706333205514
3.476,0.39429984624833564
3.48,1.271222989666254
3.484,0.4635888105712466
3.488,0.7817050634932656
3.492,0.9342202366755313
3.496,0.808982150449478
3.5,1.024157687324202
3.504,0.31595191012478785
3.508,0.3049161615176073
3.512,0.4112005751643754
3.516,0.5189198423464096
3.52,0.5584305238417535
3.524,0.7231018817608902
3.528,0.6627168069447297
3.532,0.31280849717655024
3.536,-0.09399624554565122
3.54,0.4067726444265668
3.544,0.4519093499824
3.548,0.252367366712887
3.552,0.7672772881890902
3.556,0.302484186666517
3.56,0.6820482436489779
3.564,0.23902099744480804
3.568,0.14370313964816755
3.572,0.45621437497785244
3.576,0.43085992367151715
3.58,0.8439085696707641
3.584,0.35699592901889055
3.588,-0.022063927597225863
3.592,1.0214092424654186
3.596,0.8105291985782205
3.6,0.5840548613373515
3.604,0.5575451878659101
3.608,1.07823778821299
3.612,0.9060419264522361
3.616,0.956244915465422
3.62,0.6519623165515052
3.624,1.273542990640217
3.628,0.8714392758229058
3.632,1.117016656571463
3.636,0.28325271863777546
3.64,0.6816633700243582
3.644,1.1261214199845055
3.648,1.4379854524489863
3.652,1.2611706141330814
3.656,0.8197641012443639
3.66,1.201335929790203
3.664,1.208566762502048
3.668,0.7562009452532839
3.672,1.0713262000392443
3.676,1.509604033173939
3.68,1.267849342760205
3.684,1.3253288981663656
3.688,0.8595782610029669
3.692,0.9997584232692746
3.696,0.7037098305330823
3.7,1.2151167187224279
3.704,1.3280967712064353
3.708,0.3461393898849926
3.712,1.167938828012251
3.716,0.7407908710344062
3.72,0.32363767951149425
3.724,0.36259815000205264
3.728,0.433468585128845
3.732,0.48171924857199433
3.736,0.11049298904031116
3.74,0.39330735895685076
3.744,-0.059967151353456455
3.748,0.21119565598171725
3.7520000000000002,0.09404926144233094
3.7560000000000002,-0.22704319870483547
3.7600000000000002,-0.4757875320329989
3.7640000000000002,0.3963941095948335
3.7680000000000002,0.14107028556052337
3.7720000000000002,-0.17994850017440306
3.7760000000000002,-0.5265373336504618
3.7800000000000002,-0.3630526563952702
3.7840000000000003,0.2491819505741153
3.7880000000000003,-0.35572554439335496
3.7920000000000003,-0.4614283207791674
3.7960000000000003,-1.02775162485618
3.8000000000000003,-1.359640300333682
3.8040000000000003,-1.0140626552904974
3.8080000000000003,-1.232819927909611
3.8120000000000003,-0.5584068511803015
3.8160000000000003,-0.5683495709032946
3.8200000000000003,-0.9380802699693156
3.8240000000000003,-1.1988495013691645
3.8280000000000003,-1.126142242262746
3.8320000000000003,-1.1279348455288154
3.8360000000000003,-1.4487326835694727
3.84,-1.678046062294086
3.844,-1.0320167570011238
3.848,-1.5214645228581363
3.852,-0.8845714529227358
3.856,-1.1417059349496084
3.86,-0.7863343467193233
3.864,-1.674202223181183
3.868,-0.3150455781026733
3.872,-1.0557676685365984
3.876,-0.5514534771406177
3.88,-0.5758003507711418
3.884,-0.9750747619949224
3.888,-1.4422899694866331
3.892,-0.9096512591518598
3.896,-1.012303674793616
3.9,-0.9738846914097672
3.904,-0.40259123161663324
3.908,-0.6146509879386948
3.912,-0.5686276079255135
3.916,-0.9079801965971285
3.92,-0.3151333265789379
3.924,-0.9968794945135026
3.928,-0.07209326058622045
3.932,-0.6839405565558538
3.936,-0.6028749317897714
3.94,-0.34292860649954293
3.944,-0.44795380016325204
3.948,-0.5676667877521939
3.952,-0.16717806328031365
3.956,-0.6215350513966422
3.96,-0.7871444676009396
3.964,-0.3553377071914566
3.968,-0.34150896484770477
3.972,-0.567007822867408
3.976,-1.0388573848964922
3.98,-0.41596060349623015
3.984,0.23272776503706838
3.988,-0.9037969229127016
3.992,-0.5893689811452855
3.996,-0.5398125983647974
4.0,-0.9209918297098105
4.0040000000000004,-0.3460052036935862
4.008,-1.173654344511743
4.0120000000000005,-0.4072061173213642
4.016,-0.9223028273004741
4.0200000000000005,-0.2699847966453577
4.024,-1.1018237028890598
4.0280000000000005,-0.3820370552981692
4.032,-0.6752000885811723
4.0360000000000005,-1.2088059136160387
4.04,-0.8950498128128904
4.0440000000000005,-1.4152837844949508
4.048,-1.3585826376961618
4.0520000000000005,-1.0561038204433932
4.056,-1.128684113693985
4.0600000000000005,-1.277423031110356
4.064,-0.8097565424359678
4.0680000000000005,-1.3124901446960227
4.072,-0.7552120256349526
4.0760000000000005,-0.5059832411015398
4.08,-1.1993767921211387
4.0840000000000005,-0.9883937225891661
4.088,-1.3014125964172751
4.0920000000000005,-0.9040409176376014
4.096,-0.9623359549189346
4.1,-1.1024836096493174
4.104,-1.166767981677264
4.108,-1.0220394431790447
4.112,-0.9857581349934422
4.116,-0.00324387743432919
4.12,-1.074551714557085
4.124,-0.7122755920374559
4.128,-0.7339896649602408
4.132,-0.4419438181900516
4.136,-0.9270218094130218
4.14,-0.21372409942820553
4.144,0.08057500296610648
4.148,-0.011663461190576152
4.152,-0.10847532067758547
4.156,-0.5109777225313239
4.16,-0.5120115647905105
4.164,0.0093516561317191
4.168,0.17235311832998138
4.172,0.6514454763112886
4.176,0.21496131465577362
4.18,0.3101330543157125
4.184,0.7406119540769462
4.188,0.250526570674802
4.192,0.3003421710561095
4.196,0.7632691835597075
4.2,0.6937596627168761
4.204,0.32728057549063405
4.208,0.3805648095937928
4.212,0.5344563126668793
4.216,0.45890415460290435
4.22,1.1374833295307758
4.224,0.8129526395438873
4.228,1.2006311152685822
4.232,0.5524503550710319
4.236,1.0528350365981136
4.24,0.5934767820869493
4.244,0.5788078487735504
4.248,1.3904921240329828
4.252,1.3732160113904242
4.256,1.3752315985183299
4.26,0.7699404233872035
4.264,1.3336647249429627
4.268,0.6108365985923803
4.272,1.265854085708713
4.276,0.8073734744486103
4.28,1.1585537471398444
4.284,0.5432046698616637
4.288,0.9060598285517767
4.292,0.9329621296223836
4.296,1.4820696044441228
4.3,1.9686328959376622
4.304,1.3450496318770604
4.308,1.076667203376228
4.312,0.8740695669644729
4.316,0.5023550336031681
4.32,0.8467959188248949
4.324,0.43447350278829966
4.328,0.9704733769400161
4.332,0.9144353538069081
4.336,0.41878541004721714
4.34,1.0911979817585546
4.344,0.451862797854491
4.348,0.08953411063930566
4.352,0.4013032519474754
4.356,0.7797223123503216
4.36,0.722679822209009
4.364,0.6386736495970126
4.368,0.2013900459711212
4.372,0.51654449331988
4.376,0.49552808002860765
4.38,0.7477857237385176
4.384,0.4715184180739043
4.388,0.8095639105033969
4.392,-0.04999112739985945
4.396,0.5875345865459966
4.4,0.1592012525952925
4.404,1.181791117149328
4.408,0.44567277702599617
4.412,0.919395751613348
4.416,0.6548814094224429
4.42,0.6114779428561337
4.424,1.0436939183815024
4.428,0.2281528270756702
4.432,0.6947156099863229
4.436,0.409750700009959
4.44,0.6268874742411991
4.444,1.297514914934615
4.448,0.8778551999581852
4.452,0.7730396768521661
4.456,0.26097458410271734
4.46,0.9870916455039735
4.464,0.893119750273869
4.468,1.3943034064205424
4.472,0.5182490157229597
4.476,0.6671401848516563
4.48,0.5469447842831869
4.484,1.0930913181055693
4.488,1.3698742505323964
4.492,1.3161387018828483
4.496,1.7018577269502178
4.5,1.1518044931085352
4.5040000000000004,1.2020838632340387
4.508,1.082759539236433
4.5120000000000005,1.4976596190397862
4.516,1.1336641444030893
4.5200000000000005,0.7027654676220798
4.524,1.038696501678085
4.5280000000000005,0.6608921409506114
4.532,1.4365534537131865
4.5360000000000005,0.47000920275744995
4.54,0.6552613370594645
4.5440000000000005,0.22611256762499077
4.548,0.37839830443198036
4.5520000000000005,0.7541287714158706
4.556,0.20823116116217044
4.5600000000000005,0.9943612334450955
4.564,0.5315952005776343
4.5680000000000005,0.5442416368586004
4.572,-0.1547058116116014
4.5760000000000005,0.14679384676212823
4.58,0.38115242371474206
4.5840000000000005,0.09477438535019612
4.588,-0.38324331793255684
4.5920000000000005,-0.4834909505328943
4.596,-0.709189320020519
4.6000000000000005,0.04773883948466395
4.604,-0.15179946824484847
4.6080000000000005,-0.2781209766385534
4.612,-0.5974386987650991
4.616,-0.9704211906162703
4.62,-0.5500200143273317
4.624,-0.6418365269814121
4.628,-0.4248237280205558
4.632,-0.5640937965070686
4.636,-0.8267608998973033
4.64,-1.3354644499308037
4.644,-0.5312521893259985
4.648,-0.8375626209346801
4.652,-0.7519436027570641
4.656,-0.7653395027468348
4.66,-1.0426508365254534
4.664,-0.6968766837216467
4.668,-1.562876499799083
4.672,-0.6576241373756373
4.676,-0.9872253416891341
4.68,-1.0304976873001481
4.684,-0.6694693177630853
4.688,-1.1554671868926871
4.692,-1.3129399905040695
4.696,-0.7135288033680703
4.7,-1.2816559560715204
4.704,-1.3435178191856336
4.708,-1.5579955648491879
4.712,-1.0784331139906658
4.716,-0.9227663235025259
4.72,-0.31145952188814074
4.724,-0.33029809395050513
4.728,-0.8842660545211642
4.732,-0.8368604213443445
4.736,-0.5066208090787336
4.74,-0.917697525329664
4.744,-0.9011557695455311
4.748,-0.6049571117132025
4.752,-0.9134499407938993
4.756,-0.6528307764599061
4.76,-0.8775669312464357
4.764,-0.586652178051226
4.768,-1.2733726345647567
4.772,-0.39151550466174534
4.776,-0.07993445640725211
4.78,-0.7070266939927644
4.784,-0.5124063400908094
4.788,-0.728920027265445
4.792,-0.7392381043842018
4.796,-0.6394217876421935
4.8,-0.28948580480016073
4.804,-0.8107346250384218
4.808,-0.24716298368565381
4.812,-0.055838946428495906
4.816,-0.538155740421203
4.82,-0.23324944053896757
4.824,-0.7482693869280805
4.828,-1.0496087209283524
4.832,-0.9301590100416397
4.836,-0.7856911621914144
4.84,-0.8903219084007389
4.844,-0.7143396809878865
4.848,-0.915627447273069
4.852,-0.7014446513473505
4.856,-0.8166205999451498
4.86,-0.8447013630533472
4.864,-1.101787702537281
4.868,-0.7813882290887728
4.872,-1.2075928855788813
4.876,-1.572823478265573
4.88,-0.9666280861226823
4.884,-0.869257232330735
4.888,-1.0584591778023662
4.892,-1.210999497153226
4.896,-0.578442416104493
4.9,-0.681821100783641
4.904,-1.1255532658676675
4.908,-1.158920508634512
4.912,-0.7217980164031154
4.916,-0.8843481944104479
4.92,-1.0618052119702401
4.924,-1.22436257562284
4.928,-0.9329567299884903
4.932,-0.9631334573098965
4.936,-0.7998882499822224
4.94,-1.1275925704378333
4.944,-0.8004576547628807
4.948,-0.9719445615417849
4.952,-0.7754119643109635
4.956,-0.4065620229183026
4.96,-0.14304640105294175
4.964,-0.553813554565235
4.968,-0.3349880113018297
4.972,-0.276859728612397
4.976,-0.6347532541363798
4.98,-0.47824700954789473
4.984,0.43989533241249856
4.988,-0.6090057147775263
4.992,-0.6494470752551265
4.996,-0.3770373532007233
5.0,0.31494207766935384
5.0040000000000004,-0.2641990828280816
5.008,0.20994337760344736
5.0120000000000005,-0.41868621760284724
5.016,0.1343306714808599
5.0200000000000005,0.2087668672881972
5.024,-0.031928162728049936
5.0280000000000005,0.20209777825417669
5.032,1.2605156768826569
5.0360000000000005,1.2683090334685014
5.04,0.9048795113553458
5.0440000000000005,0.9686563786065429
5.048,1.160004970615446
5.0520000000000005,1.048241095325797
5.056,0.35858540517184057
5.0600000000000005,1.0986394141064626
5.064,1.549287805386107
5.0680000000000005,1.1523847650086203
5.072,0.7029825490335615
5.0760000000000005,0.8886603315587214
5.08,0.9139857203134155
5.0840000000000005,1.1933640101067928
5.088,0.7689090438756978
5.0920000000000005,1.3570474520375986
5.096,0.5804040781575373
5.1000000000000005,1.262239504590291
5.104,1.396901876679237
5.1080000000000005,1.387679553828894
5.112,0.9639379243804176
5.1160000000000005,1.911763385800553
5.12,1.0980246108420495
5.124,1.3646155364818897
5.128,0.6314283682003959
5.132,1.1075091727225135
5.136,0.41302444668652105
5.14,1.1153315657707832
5.144,0.9148075198771458
5.148,0.9579086695415212
5.152,0.36779927910337307
5.156,1.2308310579071955
5.16,1.4589609354762683
5.164,0.531950083459729
5.168,0.7878919163507961
5.172,0.34659697700916176
5.176,0.72615023111591
5.18,0.46650569210066456
5.184,0.7640140111764181
5.188,0.5182199984716815
5.192,0.718589388231405
5.196,0.6835288986544346
5.2,0.7125047457588063
5.204,0.22569521738539744
5.208,0.40725767203194074
5.212,0.13311724969161742
5.216,0.5861294408088858
5.22,0.3161163737201241
5.224,0.5771596385850385
5.228,0.6648307446582655
5.232,0.8544036619486972
5.236,0.7711718112292878
5.24,0.79328592944443
5.244,0.8708459102297115
5.248,0.7119268004125072
5.252,1.0442801897789322
5.256,0.9628964690005029
5.26,0.1583859151062722
5.264,0.9647901418932299
5.268,0.8636905572548741
5.272,0.9042441696182774
5.276,0.6464120398409422
5.28,0.9577952356418387
5.284,0.8008621860796475
5.288,0.728146519375116
5.292,0.8285369514518088
5.296,0.6710593275037902
5.3,1.317367289520015
5.304,1.3046776110769605
5.308,1.0191243330325213
5.312,1.7404800810847205
5.316,1.0519603122599706
5.32,1.1932674270152535
5.324,1.6095825711319651
5.328,1.1981036897155755
5.332,0.8207081488476535
5.336,0.737324500053089
5.34,1.3089615877144518
5.344,0.8738712388069834
5.348,1.5578269111260137
5.352,0.817759300656134
5.356,0.4737196724904747
5.36,0.8317922415990205
5.364,0.7652835107767024
5.368,0.7879400502710003
5.372,0.343642312744605
5.376,0.40587530987776915
5.38,0.6834757365440471
5.384,0.14476385589727864
5.388,0.6156734270713431
5.392,0.7630401445721573
5.396,0.5778683894733208
5.4,-0.23818060329735197
5.404,0.09520011108107035
5.408,0.3568664247117789
5.412,-0.02794542118270664
5.416,0.039363739481026006
5.42,0.12731044846488992
5.424,-0.886868943543802
5.428,-0.09437789996623304
5.432,0.0884334869140469
5.436,-0.1876291304775707
5.44,-0.41591958103045285
5.444,-0.15784452562957174
5.448,-0.6099379248495248
5.452,-0.9218143795417308
5.456,-0.691562746936469
5.46,-1.102842703851274
5.464,-0.8910161665643712
5.468,-0.9610803766547503
5.472,-0.6301376579489659
5.476,-1.3199349356106012
5.48,-0.6102373292870759
5.484,-0.6315704368792145
5.488,-0.751865584310428
5.492,-1.121094454526493
5.496,-1.386572454202983
5.5,-1.082017910876755
5.5040000000000004,-0.7203342144041887
5.508,-1.3430327049070363
5.5120000000000005,-1.6281161552473646
5.516,-1.197549100973048
5.5200000000000005,-1.3312426115594356
5.524,-1.1240574641065773
5.5280000000000005,-1.300502038285835
5.532,-0.9977239363445897
5.5360000000000005,-0.7906081965199425
5.54,-0.4754725051190438
5.5440000000000005,-1.0114777120933007
5.548,-1.3013288099517348
5.5520000000000005,-1.3560195232276016
5.556,-0.6293426118963763
5.5600000000000005,-0.5920992980970933
5.564,-0.5373829186125665
5.5680000000000005,-0.2244793764226627
5.572,-0.4965786515595202
5.5760000000000005,-1.0936727469838767
5.58,-0.7120917236869738
5.5840000000000005,-0.6528008078661897
5.588,-0.1466075947779058
5.5920000000000005,-0.36888640853314353
5.596,-0.059449556123234215
5.6000000000000005,-0.45366333032047823
5.604,-0.36407189401078155
5.6080000000000005,-0.5682508153074417
5.612,-0.3275794717634507
5.6160000000000005,-0.5996343673836279
5.62,-1.0164161356580528
5.6240000000000006,-0.8495047985896806
5.628,-0.05882048728032341
5.632,-0.3372391700202446
5.636,-0.2576637622307007
5.64,-0.5495652242060481
5.644,-0.09875678319764358
5.648,-0.19780765899532682
5.652,0.39737242990169563
5.656,-0.9699917276040142
5.66,-0.48626998795666837
5.664,-0.580058574349625
5.668,-0.482745948292887
5.672,-1.3659655040532264
5.676,-0.5761549670998881
5.68,-0.9789711250039543
5.684,-1.1451894249311345
5.688,-1.2662798506347024
5.692,-0.7476310555837427
5.696,-1.1209628170770896
5.7,-0.9925201981610648
5.704,-0.60753053562084
5.708,-1.0993350248199802
5.712,-1.248773035243755
5.716,-1.081294371470991
5.72,-1.2995250274052528
5.724,-0.1755352944748375
5.728,-0.9809833277040899
5.732,-1.2052597014795479
5.736,-0.8750107744061637
5.74,-0.8927651992315271
5.744,-1.1827838353982845
5.748,-1.12276196868353
5.752,-1.348409631065292
5.756,-0.9886574861184555
5.76,-0.9939873812744756
5.764,-0.6762123855390398
5.768,-0.6315476117142369
5.772,-1.313327781148557
5.776,-0.6400395577778488
5.78,-0.6058421758622976
5.784,-0.8914665195003657
5.788,-0.49484248762129013
5.792,-0.4079951628992327
5.796,-0.6668594734540386
5.8,-0.35278322482302404
5.804,-0.4614861248218922
5.808,-0.4234706498941766
5.812,-0.308475637175214
5.816,-0.2037475444782033
5.82,-0.1134198912397727
5.824,-0.11083128371790354
5.828,0.092159677624565
5.832,-0.04055275491506935
5.836,0.07459152722166423
5.84,0.21735198570781883
5.844,0.20450061313283052
5.848,-0.08675996704504951
5.852,0.40785831240310066
5.856,0.33199180500045916
5.86,0.314002762659191
5.864,1.0202975673562849
5.868,0.4426728107238368
5.872,0.548971014607383
5.876,1.0650849996374128
5.88,0.6283298851654009
5.884,0.9836462808833848
5.888,1.0988591687998994
5.892,0.473905029325793
5.896,0.6770194342828706
5.9,0.9218575408298467
5.904,1.135655226369093
5.908,1.2875268385296796
5.912,1.123256131984148
5.916,1.1439793897378148
5.92,1.480105099150899
5.924,0.8583756481648274
5.928,1.0593968240377287
5.932,0.8882026681411668
5.936,1.0015216914555694
5.94,0.8925994022148028
5.944,1.5836416005799605
5.948,1.0590771294757737
5.952,1.0207216379283945
5.956,1.1468159371187423
5.96,0.5036615493645067
5.964,1.215015601067054
5.968,1.0586626966209693
5.972,1.0171710351262981
5.976,0.6663499207995212
5.98,0.5182875947485761
5.984,0.8113701427318915
5.988,-0.09828734786473747
5.992,0.718044200400413
5.996,1.1512001271696608
6.0,0.6011605945492302
6.0040000000000004,0.41179983736400333
6.008,0.7770124326758804
6.0120000000000005,0.9891582176199736
6.016,0.6089384484773681
6.0200000000000005,0.7141409767075622
6.024,0.39050780409758573
6.0280000000000005,0.4375392982356138
6.032,0.49033357574040176
6.0360000000000005,0.6462170972843291
6.04,0.4176720141559557
6.0440000000000005,0.4186483429526348
6.048,0.5769258827506458
6.0520000000000005,0.4868238744060554
6.056,0.5907941340349434
6.0600000000000005,0.5340803434465322
6.064,0.8377938909597991
6.0680000000000005,0.42789946706730164
6.072,1.1680993634479275
6.0760000000000005,0.2811789236301761
6.08,0.3292171861070808
6.0840000000000005,0.12994982626561435
6.088,0.8214593784190687
6.0920000000000005,0.8839111148940507
6.096,0.93917979823908
6.1000000000000005,0.30285541736246974
6.104,0.41303573016107314
6.1080000000000005,0.8579440110997357
6.112,0.34951638356336223
6.1160000000000005,0.6387299395451231
6.12,1.193971243795917
6.1240000000000006,0.7472376528726118
6.128,0.9015523119222256
6.132000000000001,0.7675901955672739
6.136,0.8307675584376402
6.140000000000001,1.4961398040733207
6.144,1.279844701736097
6.148,0.5983004612705071
6.152,1.3357690381910037
6.156,1.4134186864962073
6.16,0.9695916243418043
6.164,1.417513875438962
6.168,0.6471542473945596
6.172,1.3078201287899431
6.176,1.0397298517389193
6.18,1.12023452318937
6.184,1.0314441717259941
6.188,1.5003996820779149
6.192,1.2058271701001897
6.196,0.7262141598844086
6.2,1.0969060785917595
6.204,0.12435316361394944
6.208,0.7008757555749611
6.212,0.36325336543346814
6.216,0.7566158869791019
6.22,0.5791260480708103
6.224,0.38993512159596155
6.228,0.2468668729920161
6.232,0.5287839716149932
6.236,0.41384132778616967
6.24,-0.20907610392774995
6.244,0.6883035168568243
6.248,-0.15569806057542576
6.252,-0.0597599208834986
6.256,0.0762468495712039
6.26,-0.19928970031064575
6.264,0.13062608294761557
6.268,-0.9759889428666648
6.272,-0.38921769270005563
6.276,-0.24052177070929215
6.28,-0.4650116993666164
6.284,-0.7593961088217287
6.288,-0.68452864872911
6.292,-1.2159773616805145
6.296,-1.2138919649655011
6.3,-1.0269452162561115
6.304,-0.4591734477171792
6.308,-0.8197033540798733
6.312,-0.5355006803544475
6.316,-0.9735771973024684
6.32,-1.0435093198201841
6.324,-1.04128834148137
6.328,-1.443981830223103
6.332,-1.070249804392969
6.336,-1.2910142361070511
6.34,-1.2827520814224243
6.344,-1.3016097574907315
6.348,-0.8148189295885347
6.352,-0.8162239848552517
6.356,-0.8735380134034842
6.36,-0.7335332975309191
6.364,-1.087276053454459
6.368,-1.3366641264717205
6.372,-1.2970881826054628
6.376,-1.2336077340223481
6.38,-0.7268643210270913
6.384,-0.6879945525342629
6.388,-1.0180710566993991
6.392,-0.9050274237594254
6.396,-0.7593345408233072
6.4,-0.6346446975817773
6.404,-0.451582630500942
6.408,-0.46915907981736205
6.412,-0.3762204954187083
6.416,-0.7508668487757207
6.42,-0.5356883385770728
6.424,-0.2843862479855668
6.428,-0.026778219681493853
6.432,-0.3107911317900439
6.436,-0.11401772938253463
6.44,-0.5740610934321962
6.444,-0.23720426125574112
6.448,-0.1899187157750457
6.452,-0.2620840686908629
6.456,-0.7138952729041373
6.46,-0.3985574539279219
6.464,-1.0379098283432304
6.468,-0.30173208753680375
6.472,-0.5142967662349012
6.476,-0.3592956924652133
6.48,-0.492982349965054
6.484,-0.523941175051854
6.488,-0.7284412877968859
6.492,-0.2228995098827044
6.496,-1.3437992378919592
6.5,-0.6721072326176312
6.5040000000000004,-1.4610721220665845
6.508,-0.872206085100715
6.5120000000000005,-0.9424822657079894
6.516,-0.695676164993044
6.5200000000000005,-0.8087996667283647
6.524,-0.6322950838906605
6.5280000000000005,-0.7418953264323982
6.532,-1.1218843483242458
6.5360000000000005,-0.6173432028037036
6.54,-0.7121874187006108
6.5440000000000005,-1.3098506291265912
6.548,-0.607271939188213
6.5520000000000005,-0.7130608865705573
6.556,-0.9877382967191776
6.5600000000000005,-1.328036231270286
6.564,-1.4111677153247129
6.5680000000000005,-1.0676736507331197
6.572,-0.894138604287165
6.5760000000000005,-1.1516892676018617
6.58,-1.2836498005051482
6.5840000000000005,-1.132698346555556
6.588,-0.8346421423374866
6.5920000000000005,-0.6150355245518384
6.596,-1.619964240330499
6.6000000000000005,-1.2107210675839664
6.604,-0.6478570666424577
6.6080000000000005,-1.3575577295986663
6.612,-0.37263191627682035
6.6160000000000005,-0.336520443303608
6.62,-1.231815574529389
6.6240000000000006,-0.9764864950763129
6.628,-1.405367784459087
6.632000000000001,-0.6932627961978672
6.636,-0.3280337173038864
6.640000000000001,-0.4573601787743733
6.644,-0.250966781330982
6.648000000000001,-0.10471534040568978
6.652,-0.43225278643698567
6.656000000000001,-0.30594675730927534
6.66,0.15116598997448602
6.664,0.038487744931131315
6.668,0.39850119645563364
6.672,0.03624164017060001
6.676,0.3064651186106288
6.68,0.049564386208832745
6.684,-0.02323776676388456
6.688,0.18196349938896722
6.692,0.5148523507673938
6.696,0.4819816343146364
6.7,0.6371366332756618
6.704,1.0028414655743638
6.708,0.30064647472206546
6.712,0.6696988587000328
6.716,0.7177058193399027
6.72,1.015859386623904
6.724,1.2247114465781
6.728,0.707661866238222
6.732,1.0622774252653286
6.736,1.0187652597693149
6.74,0.9195684553898567
6.744,0.7355247997701079
6.748,0.9073357288596269
6.752,0.7510872100261716
6.756,1.119197622714067
6.76,0.9180070732651717
6.764,1.1619842459611716
6.768,0.39698910599425796
6.772,1.214470439559523
6.776,1.174693906203722
6.78,0.9189408276892252
6.784,1.318040885787751
6.788,0.7665701922704761
6.792,1.0875305976009666
6.796,1.1597401541021664
6.8,1.7788081884106266
6.804,1.3439525456069248
6.808,0.3951874415613456
6.812,0.40565899579962633
6.816,0.4715288934900483
6.82,0.9282039168379331
6.824,0.2749319046369174
6.828,1.2156585686614827
6.832,0.3852334775944348
6.836,0.7491359396237127
6.84,0.32957892421805646
6.844,0.5362918903955387
6.848,0.8192284630544628
6.852,0.8829716762018622
6.856,0.5082708485855112
6.86,0.7262496214026374
6.864,0.4210148594428809
6.868,0.44915821010175955
6.872,0.5330668066385054
6.876,0.17700044507541818
6.88,0.3251167740795998
6.884,0.3846973545619982
6.888,0.38103006495996194
6.892,0.8817598601567025
6.896,0.25822893222587645
6.9,0.7917709230520593
6.904,0.9445707948064095
6.908,1.3970911478320198
6.912,0.6643793438708376
6.916,0.9400176949183906
6.92,0.7379093994335546
6.924,0.5488751047082333
6.928,0.555104000101579
6.932,0.7173406557119922
6.936,1.537142967346902
6.94,1.0250731982284045
6.944,0.7083257063114647
6.948,1.152286549441044
6.952,0.6548580329994104
6.956,1.4292040531854022
6.96,0.7600008595974731
6.964,0.9639934605838316
6.968,1.0287420644872842
6.972,0.4912291517087417
6.976,1.2869295428823828
6.98,0.8711554913702705
6.984,1.1922661639554797
6.988,1.2919491361081772
6.992,0.8337626747748781
6.996,0.6991504858111033
7.0,1.0379411068298356
7.0040000000000004,0.9730777517393839
7.008,0.7817040081501125
7.0120000000000005,0.8326877834251268
7.016,0.7503101553021903
7.0200000000000005,0.7836596748470437
7.024,0.5839768227706641
7.0280000000000005,0.7564325987742898
7.032,0.862344009834156
7.0360000000000005,0.885119568076417
7.04,1.0822235224247825
7.0440000000000005,0.6041759724930585
7.048,0.3199490784136971
7.0520000000000005,1.0928763574552876
7.056,0.6930785733352387
7.0600000000000005,0.7379532206428533
7.064,0.44898626102699374
7.0680000000000005,-0.08626686168131803
7.072,0.500075061305439
7.0760000000000005,0.3922052167916197
7.08,-0.11816502304130275
7.0840000000000005,0.00881501835049284
7.088,0.2111580321334825
7.0920000000000005,-0.22165484235536764
7.096,-0.6919343048676929
7.1000000000000005,-0.4397529881481519
7.104,-0.5137749901980313
7.1080000000000005,-1.0525537857389804
7.112,-0.540798458572889
7.1160000000000005,-0.6469761151557527
7.12,-0.19195297589419325
7.1240000000000006,-0.6713407567591844
7.128,-0.9555655198569092
7.132000000000001,-0.8089191936855651
7.136,-0.9751306131086073
7.140000000000001,-1.0253222537254731
7.144,-1.2642576783086792
7.148000000000001,-0.3735995408660865
7.152,-0.4568374893461271
7.156000000000001,-1.306694193125201
7.16,-1.1271341510213233
7.164000000000001,-1.3076418265679395
7.168,-0.8492080322552605
7.172,-1.0976687026372614
7.176,-0.9899009914644539
7.18,-1.1658276574602522
7.184,-1.2870163649217699
7.188,-0.9838890689897375
7.192,-0.8553281304122615
7.196,-1.1973711631325128
7.2,-0.9367863526636453
7.204,-0.6508920385772373
7.208,-1.59561663502687
7.212,-0.6795848490399439
7.216,-1.3678646376897483
7.22,-1.0456463925893016
7.224,-1.1090764562598014
7.228,-0.8221835955573232
7.232,-0.357162652388299
7.236,-0.24085838708243068
7.24,-0.980033860043439
7.244,-0.7875727918772801
7.248,-0.4636232532558125
7.252,-0.5060540118435053
7.256,-0.5880901407130366
7.26,-0.830778712632392
7.264,-1.0066724702662724
7.268,-0.19238720418748623
7.272,-0.5737270348765836
7.276,-0.4903069369402395
7.28,-0.6719708824833082
7.284,-0.9648523385823491
7.288,-0.24740372079086104
7.292,-0.7876026297960953
7.296,-0.27271815377124264
7.3,-0.5863917993837506
7.304,-0.41365873536504694
7.308,-0.918971345236693
7.312,-0.4334253591715819
7.316,-0.6993867278793249
7.32,-0.5200582496179538
7.324,-0.6082724228892009
7.328,-0.7603398025890116
7.332,-0.674925169318133
7.336,-0.6937247292423676
7.34,-0.6287707330169591
7.344,-0.7151842074834424
7.348,-0.7027821789554283
7.352,-1.0741442614123877
7.356,-0.3069599869872339
7.36,-0.8187025694446676
7.364,-0.8436537651524102
7.368,-1.1525911687030095
7.372,-0.6490306253931224
7.376,-1.1827577920499728
7.38,-1.4502908631107445
7.384,-0.4469018963655915
7.388,-1.3357866307150956
7.392,-1.266273733778423
7.396,-1.3124816723307613
7.4,-1.4441790837480295
7.404,-1.058015687362507
7.408,-1.1328535061494598
7.412,-1.2737031412256816
7.416,-1.4105815723902193
7.42,-1.0714824128986202
7.424,-0.8217304419840764
7.428,-0.6410565098978762
7.432,-1.3055269676701722
7.436,-1.1155243047100138
7.44,-0.6522554491525097
7.444,-0.5447354886064157
7.448,-0.7971635896574224
7.452,-0.2583076470225062
7.456,-0.9951293973366369
7.46,-0.8102490698645486
7.464,-0.6589979582364632
7.468,-0.8800471615416829
7.472,-1.1368914817796658
7.476,-0.7573894435478481
7.48,-0.17864321603978564
7.484,-0.19727082046326028
7.488,-0.37811761385851206
7.492,-0.08823254378003706
7.496,0.0001688579857839767
7.5,0.0049946708837980075
7.5040000000000004,-0.040205762197789
7.508,0.3946262265001762
7.5120000000000005,0.19369414037492913
7.516,0.1279909961554148
7.5200000000000005,-0.0248552756363149
7.524,0.3591013367820759
7.5280000000000005,0.1861239783878883
7.532,0.21730575887001474
7.5360000000000005,0.8748161029967803
7.54,0.539113424806335
7.5440000000000005,1.00937642938135
7.548,1.2756774445845522
7.5520000000000005,0.4591033597730661
7.556,0.6790290759697634
7.5600000000000005,1.1294433224674398
7.564,0.8318144743808055
7.5680000000000005,0.8225550055906741
7.572,0.9756360646975016
7.5760000000000005,0.8330797524479581
7.58,0.767806232644864
7.5840000000000005,0.9655254768871339
7.588,1.0070680295988617
7.5920000000000005,1.069562289733705
7.596,1.5266259147072052
7.6000000000000005,0.6975904078457995
7.604,1.2502576778158012
7.6080000000000005,1.557820841608712
7.612,1.3893323559093333
7.6160000000000005,1.1399154057807248
7.62,0.365765628553709
7.6240000000000006,0.7540263837172041
7.628,0.27445566438178737
7.632000000000001,0.8383068458927923
7.636,1.0418482184819229
7.640000000000001,0.7187951262757031
7.644,0.814856827303672
7.648000000000001,1.3364808345822792
7.652,0.6178404137939211
7.656000000000001,0.7294779443776499
7.66,1.1684492149535062
7.664000000000001,1.0699936996066792
7.668,0.8419859607826146
7.672000000000001,1.3841986418391257
7.676,0.9668524603513783
7.68,0.4491309115005324
7.684,0.5380834338917799
7.688,0.10219030138165158
7.692,0.49846536031761474
7.696,0.7944785295388727
7.7,0.5544427909607252
7.704,0.322547140897383
7.708,0.6689894597803897
7.712,0.6280667709537413
7.716,0.37419938005090875
7.72,0.5986196803603645
7.724,0.3508516576271212
7.728,0.9184033239486891
7.732,0.7552351534433417
7.736,1.182510174591843
7.74,0.8667564640433654
7.744,0.7992470898735493
7.748,1.0896712003159572
7.752,0.5462292893420989
7.756,0.8256661541847974
7.76,0.841911074145111
7.764,0.5270556101312392
7.768,0.6990015195219659
7.772,0.7764819604303865
7.776,0.888408314841293
7.78,0.5524104038083033
7.784,1.0129264915733442
7.788,0.7209635894682495
7.792,0.9698441707659758
7.796,0.5728776231609886
7.8,0.7243456394834527
7.804,0.8048733986504039
7.808,1.0793182551618967
7.812,0.9642068792739887
7.816,1.6332940942709926
7.82,0.9693771181904894
7.824,0.8365295406342802
7.828,1.3519479932592358
7.832,0.9559310851932339
7.836,1.267202666268163
7.84,0.24738860786924755
7.844,1.1084729581830275
7.848,1.1374794425725192
7.852,0.9625158134487672
7.856,0.949749908176834
7.86,0.6217179328845526
7.864,1.1534372503268768
7.868,0.5692772458293649
7.872,1.1838844524727874
7.876,0.9566390401720066
7.88,0.7015909811105482
7.884,1.0773210439235656
7.888,-0.29013417972605593
7.892,0.12552750041607585
7.896,0.6606324633668641
7.9,-0.1826688759779232
7.904,0.40473819984617465
7.908,-0.521191936776126
7.912,-0.09994447418940211
7.916,0.29565968955912025
7.92,-0.21394664219650897
7.924,0.022882433701841814
7.928,0.36777304197936855
7.932,-0.24678199313322724
7.936,-0.38321952511351576
7.94,-0.5640147405337065
7.944,-0.32500472433582006
7.948,-0.5232191376592672
7.952,-1.1135395988022772
7.956,-0.9002785454959655
7.96,-0.6805819155829969
7.964,-0.6625648966961807
7.968,-0.6483926402595412
7.972,-0.5288429919459658
7.976,-0.6031445496472929
7.98,-0.7356024037175531
7.984,-0.9348950151765913
7.988,-0.9905374274923473
7.992,-1.0032872958117145
7.996,-1.2940893091597687
8.0,-1.393932094838558
8.004,-1.6424886150096012
8.008000000000001,-0.8549460814867889
8.012,-1.1620097358140178
8.016,-1.1514975237841698
8.02,-0.8014912796486191
8.024000000000001,-0.8532218771663289
8.028,-1.4043181307387198
8.032,-1.1548759128715818
8.036,-0.6933608496522976
8.040000000000001,-0.8620443985801102
8.044,-1.2858834652611066
8.048,-0.7941210989913523
8.052,-0.8983841998994638
8.056000000000001,-1.4229062536734118
8.06,-0.5209928652412282
8.064,-0.47149110285145124
8.068,-1.1319406687372011
8.072000000000001,-0.5162889200066135
8.076,-0.5918016526799375
8.08,-0.9236535890981306
8.084,-0.7497142105455504
8.088000000000001,-0.920983905996896
8.092,-0.21011715579067824
8.096,-0.7406273200824998
8.1,-0.3041617297662961
8.104000000000001,-0.7426845757363212
8.108,-0.16547550468174482
8.112,0.3220401516992041
8.116,-0.5071004665049548
8.120000000000001,0.020899063629271297
8.124,-0.7991241002295254
8.128,-0.6689012070342022
8.132,-0.5616461076888337
8.136000000000001,-0.8709253090564708
8.14,-0.5689299613116087
8.144,-0.7867468614791462
8.148,-0.5897885889342899
8.152000000000001,-0.9344752277742607
8.156,-0.9021881481875069
8.16,-1.0150973775512082
8.164,-0.5095844024734766
8.168000000000001,-0.7377638944126274
8.172,-0.7360892191159457
8.176,-0.47181840326610786
8.18,-0.7101166342193397
8.184000000000001,-1.0142390826121332
8.188,-0.9462524733583305
8.192,-1.175876623175143
8.196,-1.0387191244792104
8.2,-0.46339713648943054
8.204,-0.8391994313212832
8.208,-1.3333434036820209
8.212,-0.5626006887678121
8.216,-1.158789681969763
8.22,-0.7655048914672921
8.224,-1.0581232424595641
8.228,-0.7828005546842065
8.232,-1.1057694023634168
8.236,-1.4919893630639565
8.24,-1.1254392056433165
8.244,-0.9074505620487614
8.248,-0.861639922662212
8.252,-1.3963214126494812
8.256,-1.183639240694359
8.26,-1.4317266004878975
8.264,-0.8070332554254941
8.268,-1.2071881468536354
8.272,-0.9300794532122674
8.276,-1.0579084730619992
8.28,-1.121589121402583
8.284,-1.0473172166439604
8.288,-0.9248346375111162
8.292,-0.7396281628447535
8.296,-0.7371833747312668
8.3,-0.2959496626965346
8.304,-0.25904665083723444
8.308,-0.38813131394504863
8.312,-0.15967008308842356
8.316,0.35265227947657374
8.32,-0.4465190242171286
8.324,0.40451469611436375
8.328,0.5419963634158316
8.332,-0.5927538268752786
8.336,0.43192563181672383
8.34,-0.22571258399580607
8.344,0.22234722258725328
8.348,0.8476506048829985
8.352,0.43270250121721854
8.356,0.5428519181355664
8.36,1.0047052470392646
8.364,0.20912402222474147
8.368,0.45604233293379703
8.372,0.5117593911209145
8.376,0.49014901425704904
8.38,0.43685711031191893
8.384,0.8779365798153922
8.388,0.6770394343487403
8.392,0.8930661195492238
8.396,0.5147590636578134
8.4,1.0319883222079445
8.404,0.5567308407655727
8.408,0.8246577625569579
8.412,0.8663607573193546
8.416,0.7028032321843922
8.42,1.1648900879829165
8.424,0.7025962292798356
8.428,0.9713539386173613
8.432,1.0023838228217778
8.436,1.4620124863779371
8.44,0.814370637236245
8.444,1.2275380816879407
8.448,0.5463287682433278
8.452,1.4355532824355175
8.456,1.0765230536137562
8.46,0.939829326567311
8.464,0.782814977168996
8.468,1.3009268493109778
8.472,0.7102710075561173
8.476,0.6383146815796732
8.48,0.8101389572054407
8.484,1.4708829486525343
8.488,0.980584020407899
8.492,0.5848974232527129
8.496,0.4143826344345186
8.5,0.7498246547690479
8.504,0.2115990657890044
8.508000000000001,0.7304117791600161
8.512,-0.09069448960826543
8.516,0.26016543382240237
8.52,0.8595023443449685
8.524000000000001,0.34902450887722025
8.528,1.207099344959391
8.532,0.947538474071534
8.536,0.09819548373627679
8.540000000000001,0.4683265425848034
8.544,0.5097911917803415
8.548,0.4003261137953879
8.552,0.38874444181503875
8.556000000000001,0.5960317448497301
8.56,0.6755065640528073
8.564,0.16791143431926775
8.568,0.3030488916087214
8.572000000000001,0.41646537396132266
8.576,0.9436395819180619
8.58,0.3174333080068984
8.584,0.7299645597275135
8.588000000000001,0.5920991996112387
8.592,1.0638002068142205
8.596,0.7267847029205087
8.6,0.56375908883221
8.604000000000001,0.4614648394298417
8.608,0.9103369447851607
8.612,0.44409664482889916
8.616,0.9991957960708603
8.620000000000001,0.7600850555088142
8.624,0.7718150041270726
8.628,0.9053066577698828
8.632,0.7382097295116602
8.636000000000001,1.1654715494567487
8.64,1.1502446274499454
8.644,1.063054409012319
8.648,0.4862703742399421
8.652000000000001,1.1226038956028634
8.656,1.1812851353313947
8.66,0.9070674765120402
8.664,1.8206320680616868
8.668000000000001,0.4790218810991237
8.672,1.5108563582789865
8.676,0.9657580417271211
8.68,1.4168067034697485
8.684000000000001,1.0139669021172004
8.688,0.8592565467450459
8.692,0.6165503254522914
8.696,0.926837913419222
8.700000000000001,0.764729279326054
8.704,0.9851025619289178
8.708,0.5284298111891764
8.712,1.0710336695886382
8.716,0.4868745883170315
8.72,0.5579464738908466
8.724,0.8856577730411896
8.728,0.6494325713358104
8.732,0.34498546779288924
8.736,-0.19390781387432154
8.74,0.3211416327397299
8.744,-0.21727051744476633
8.748,0.30341969132383045
8.752,-0.4505762229661685
8.756,0.1912486649728996
8.76,-0.05510385970617393
8.764,-0.6033844525431287
8.768,-0.225288040692115
8.772,-0.5871975096342359
8.776,0.27791594378531104
8.78,-0.656670167553899
8.784,-0.7511441228695686
8.788,-0.41659655829548214
8.792,-1.051999792343954
8.796,-0.35213573472154375
8.8,-0.6652727368338407
8.804,-0.9524933294609182
8.808,-1.2111254366267306
8.812,-0.8592899148115359
8.816,-1.2450754126212529
8.82,-1.5130098872754445
8.824,-1.1656082299178654
8.828,-0.9564160937453119
8.832,-0.505845310439953
8.836,-0.5533450297229562
8.84,-1.0356837748518977
8.844,-1.1637880012010984
8.848,-0.39385956784559684
8.852,-0.6428713133267303
8.856,-1.5566691373505641
8.86,-0.5899285579552747
8.864,-1.0891723593694598
8.868,-0.7139598459962384
8.872,-0.5853096631717181
8.876,-0.7181609466133629
8.88,-1.2946739817785522
8.884,-1.007984596701399
8.888,-0.7582156872363641
8.892,-0.5199651488081256
8.896,-0.8860698849059773
8.9,-0.6658941881125432
8.904,-0.8543267082140561
8.908,-0.7490100740036627
8.912,-0.46926062677915525
8.916,-1.1456155103636638
8.92,-1.0363582329132548
8.924,-0.8081953019552313
8.928,-0.13968433230899685
8.932,-0.7986508486807677
8.936,-0.32487475462195176
8.94,-0.5900780167990334
8.944,-0.5167681408771578
8.948,-0.6595531464996037
8.952,-0.2701045002290064
8.956,-1.3836398854779506
8.96,-0.43599925988036214
8.964,-0.7334207833700419
8.968,-0.8958209229030907
8.972,-0.37708357502752465
8.976,0.05370626062170658
8.98,-0.49651606873629467
8.984,-0.976845512827858
8.988,-0.5648489362982723
8.992,-1.071462340828712
8.996,-0.9765809452283414
9.0,-0.6651528437678389
9.004,-0.49689620346772856
9.008000000000001,-1.0623057590483687
9.012,-0.9112616209275758
9.016,-0.2925193535963107
9.02,-0.732231212425875
9.024000000000001,-0.8848064601751573
9.028,-1.4241417695519156
9.032,-1.1984240166959341
9.036,-1.1031672020125587
9.040000000000001,-1.2076319041851793
9.044,-0.7306324027883195
9.048,-0.722849472072276
9.052,-0.6550855002352926
9.056000000000001,-1.0261406565155025
9.06,-1.2695454966972186
9.064,-1.3148502061706606
9.068,-0.584260446552799
9.072000000000001,-1.1280418308590996
9.076,-0.8023695506737816
9.08,-0.9384061924199022
9.084,-0.8264166730172711
9.088000000000001,-1.497847892493365
9.092,-1.210944445410262
9.096,-0.8660776419760717
9.1,-0.6521721480268722
9.104000000000001,-1.0243891922133725
9.108,-0.20799131271780846
9.112,-0.07614286196327757
9.116,-1.032664792223197
9.120000000000001,-0.41006639222035174
9.124,-0.958462275012375
9.128,-1.019577682340739
9.132,-0.4763992883878625
9.136000000000001,-0.20385051886250383
9.14,-0.5532185627868234
9.144,-0.7813485136717977
9.148,-0.871710296592427
9.152000000000001,-0.25998118935586123
9.156,0.01930936149312157
9.16,-0.1578493700696345
9.164,0.39556795147481594
9.168000000000001,0.1835756106307237
9.172,-0.293667312328496
9.176,0.29179414002663534
9.18,0.5615628393006796
9.184000000000001,0.43564380712706996
9.188,0.7588779869620272
9.192,0.8552288370207055
9.196,0.27473106533298447
9.200000000000001,0.12321803004427462
9.204,0.7592380939992479
9.208,0.6928315358911343
9.212,0.27482489400579463
9.216000000000001,1.5410473935778775
9.22,1.1940218441319077
9.224,0.8525993916232868
9.228,0.6974199845462619
9.232,0.6955448671327359
9.236,0.6644773837023888
9.24,1.2347916729506356
9.244,1.6268746076764489
9.248,0.7971799700554689
9.252,1.1685876427163868
9.256,1.4504643584523362
9.26,1.0569119696741947
9.264,1.2868564253266332
9.268,1.3736607513639627
9.272,1.116803153540188
9.276,1.289506170003927
9.28,1.2991441530926695
9.284,1.5686823653109425
9.288,0.8238704868003962
9.292,1.1236180991077087
9.296,0.6169186752616193
9.3,0.9208443139247344
9.304,0.8411229991936745
9.308,0.5750229941871332
9.312,1.4613726300507732
9.316,1.3677625144605163
9.32,0.6702127243785321
9.324,0.6352405801194573
9.328,1.1566382217126616
9.332,1.2344645660332012
9.336,0.9947801232105437
9.34,0.599546365650411
9.344,0.709835826613608
9.348,0.5827159833233801
9.352,0.3413383712699971
9.356,1.1157627990297079
9.36,0.975453021544245
9.364,0.8748785098297502
9.368,0.8253218083242042
9.372,0.38724887326175284
9.376,0.5245947147681406
9.38,0.44651588371332657
9.384,0.35124168364376673
9.388,0.6172040808253461
9.392,0.836380158688899
9.396,0.5078756020513187
9.4,0.11634709962448603
9.404,0.007173110197823407
9.408,1.3125206566976182
9.412,0.26687117787986075
9.416,0.5539979648857208
9.42,0.7853971604429703
9.424,0.43116919318670294
9.428,1.2108973234276528
9.432,0.5427412182627331
9.436,0.8348160086319125
9.44,0.6998439164466478
9.444,0.5047432213877928
9.448,0.5726100058495797
9.452,1.2936065007862743
9.456,1.214251110222856
9.46,1.0731726608848071
9.464,0.679407248433116
9.468,1.265001239143631
9.472,0.8591076534483679
9.476,0.8989936827611545
9.48,0.759672552143138
9.484,1.3754521153765675
9.488,1.0007420412285455
9.492,0.7639774716147794
9.496,0.8426732031438547
9.5,1.2089847466400503
9.504,1.3960537472067907
9.508000000000001,0.7120085138502954
9.512,1.0241724447600689
9.516,1.5953386011526676
9.52,0.4700039097512279
9.524000000000001,0.9297238252238276
9.528,0.8744861891676132
9.532,0.9824460386102146
9.536,0.6290966140589442
9.540000000000001,1.3007442436811312
9.544,0.46425869846851686
9.548,0.2920902045173514
9.552,0.042577691514017024
9.556000000000001,1.1040215675214293
9.56,0.595137397341629
9.564,0.5747273726614653
9.568,0.3628250644734937
9.572000000000001,0.5577393875972061
9.576,-0.09168788960351243
9.58,0.5731377330195464
9.584,0.17184944207882522
9.588000000000001,0.056119173323750896
9.592,-0.4897724737269976
9.596,0.0617834375688138
9.6,-0.012304040055644339
9.604000000000001,-0.30115645007204084
9.608,-0.3303855874088102
9.612,-0.34472348028294764
9.616,-0.5861366285537127
9.620000000000001,-0.8133044343220881
9.624,-0.4995729175764
9.628,-1.0520336347588821
9.632,-0.6013967714957426
9.636000000000001,-1.0173498597976038
9.64,-0.8449760573341195
9.644,-1.060938698848972
9.648,-1.096637289265459
9.652000000000001,-0.5657546067919672
9.656,-0.4867160856887871
9.66,-1.1359927072360878
9.664,-1.564431366290444
9.668000000000001,-1.1835102953947736
9.672,-0.47764799854057527
9.676,-1.4122826495013192
9.68,-0.6354051099608682
9.684000000000001,-0.8065951579701377
9.688,-1.4360029717980356
9.692,-1.083482875746745
9.696,-1.3582477949417464
9.700000000000001,-1.424817138174955
9.704,-1.2403227372207652
9.708,-1.0605445696491045
9.712,-0.9443001760778745
9.716000000000001,-0.39560149153138036
9.72,-0.5903932332880448
9.724,-0.9643104385994691
9.728,-1.1578165391178832
9.732,-0.7310541571611308
9.736,-0.8809607611386416
9.74,-0.7731586347980332
9.744,-0.601367279196801
9.748,-0.8294629292254306
9.752,-1.0871685612659232
9.756,-1.0697284028237175
9.76,-0.6640416430509337
9.764,-0.8300850387539901
9.768,-0.8166007428428795
9.772,-0.7946367213924578
9.776,-1.0554808302715928
9.78,-0.027423270614678974
9.784,-0.4450029854178066
9.788,-0.7854019021390409
9.792,-0.19386846623717885
9.796,-1.3069085798717985
9.8,-0.7575339517605281
9.804,-0.5787472440222317
9.808,-0.5455193685345889
9.812,-0.3122261740227067
9.816,-0.46287634422714513
9.82,-0.1671397479007382
9.824,-0.6389016980922454
9.828,-0.48936311145842726
9.832,-0.7522426373629605
9.836,-0.10425827679938149
9.84,-0.8102530302959614
9.844,-0.9359063524947534
9.848,-0.4835796729422472
9.852,-0.9849042319798231
9.856,-1.0304862030136137
9.86,-0.5972377144616066
9.864,-0.9304779333314647
9.868,-1.5902175510635899
9.872,-0.9520441455173918
9.876,-1.18056328220599
9.88,-0.7229747085832567
9.884,-1.051992070334162
9.888,-0.6313204649743855
9.892,-0.8135674542634677
9.896,-1.1686211036521643
9.9,-1.2350625242314492
9.904,-1.9560930940839998
9.908,-0.8766388933852384
9.912,-0.7676905725568796
9.916,-1.123292790811189
9.92,-0.9009047440272937
9.924,-1.65053272058366
9.928,-0.9744623965848865
9.932,-0.69154934223338
9.936,-0.8151923147673293
9.94,-0.846815069325143
9.944,-0.7178787131531675
9.948,-1.6272455684112173
9.952,-0.0031925879864160844
9.956,-0.9699756894861272
9.96,-0.3740782019246281
9.964,-0.3058560180980238
9.968,-0.0003259687624094232
9.972,-0.7181888080131161
9.976,-0.8200919158948901
9.98,0.2824110877253668
9.984,0.12817379454135963
9.988,0.11873037377080331
9.992,-0.26820243815627065
9.996,-0.1298091795122587
